                  epoch,         train/box_loss,         train/cls_loss,         train/dfl_loss,   metrics/precision(B),      metrics/recall(B),       metrics/mAP50(B),    metrics/mAP50-95(B),           val/box_loss,           val/cls_loss,           val/dfl_loss,                 lr/pg0,                 lr/pg1,                 lr/pg2
                      1,                 1.0956,                 1.3647,                 1.2022,                0.65828,                0.53205,                0.61516,                0.45672,                 1.0813,                 1.1282,                 1.1243,               8.33e-06,               8.33e-06,               8.33e-06
                      2,                 1.2157,                 1.4435,                 1.2676,                0.67239,                0.54192,                0.62813,                0.46601,                 1.0777,                 1.0991,                 1.1221,              1.196e-05,              1.196e-05,              1.196e-05
                      3,                 1.1928,                 1.3418,                 1.2426,                0.69027,                0.53196,                0.63139,                0.46838,                 1.0753,                  1.086,                 1.1217,             9.3058e-06,             9.3058e-06,             9.3058e-06
